accession,species,attC,cassettes,complete,calin
GCF_002257545.1,Vibrio qinghaiensis,378,377,1,0
GCF_014788305.1,Vibrio navarrensis,371,369,0,2
GCF_015767675.1,Vibrio navarrensis,315,311,0,4
GCF_045348105.1,Vibrio vulnificus,315,314,1,0
GCF_040254425.1,Vibrio parahaemolyticus,314,311,1,2
GCF_045689275.1,Vibrio cholerae,310,309,1,0
GCF_001558515.2,Vibrio vulnificus,305,303,1,1
GCF_046850195.1,Vibrio aestuarianus subsp. francensis,303,300,1,2
GCF_013357785.1,Vibrio cholerae,295,293,1,1
GCF_009763725.1,Vibrio navarrensis,294,292,0,2
GCF_013357805.1,Vibrio cholerae,294,292,1,1
GCF_009764115.1,Vibrio vulnificus,292,291,1,0
GCF_002212005.1,Vibrio anguillarum,289,287,1,1
GCF_013357825.1,Vibrio cholerae,288,287,1,0
GCF_002850455.1,Vibrio vulnificus,285,284,1,0
GCF_051352415.1,Vibrio cidicii,282,280,0,2
GCF_003595585.1,Vibrio anguillarum,278,277,1,0
GCF_002863725.1,Vibrio vulnificus,273,270,1,2
GCF_013357685.1,Vibrio cholerae,265,264,1,0
GCF_013357845.1,Vibrio cholerae,263,262,1,0
GCF_001675245.1,Vibrio vulnificus,259,257,1,1
GCF_001304775.1,Vibrio parahaemolyticus,258,257,1,0
GCF_051046905.1,Vibrio cholerae,258,257,1,0
GCF_009665475.1,Vibrio vulnificus,257,256,1,0
GCF_014107515.1,Vibrio vulnificus,256,255,1,0
GCF_049315005.1,Vibrio anguillarum,252,251,1,0
GCF_003047125.1,Vibrio vulnificus Env1,248,247,1,0
GCF_036553415.2,Vibrio mimicus,248,247,1,0
GCF_013357745.1,Vibrio cholerae,244,242,1,1
GCF_013357765.1,Vibrio cholerae,242,240,1,1
GCF_046532655.1,Vibrio vulnificus,242,240,1,1
GCF_053220615.1,Vibrio cholerae,242,241,1,0
GCF_052545415.1,Vibrio cholerae,241,240,1,0
GCF_002204915.1,Vibrio vulnificus,238,234,1,3
GCF_009762965.1,Vibrio cholerae,238,237,1,0
GCF_013393845.1,Vibrio parahaemolyticus,237,235,1,1
GCF_013357865.1,Vibrio cholerae,233,232,1,0
GCF_002212025.1,Vibrio anguillarum,232,231,1,0
GCF_037101305.1,Vibrio cholerae,232,230,2,0
GCF_003522555.1,Vibrio vulnificus,228,227,1,0
GCF_014211935.1,Vibrio vulnificus,228,227,1,0
GCF_003063885.1,Vibrio cholerae,227,226,1,0
GCF_021730085.1,Vibrio parahaemolyticus,226,223,1,2
GCF_001433435.1,Vibrio vulnificus,224,222,1,1
GCF_001653775.1,Vibrio vulnificus,224,222,1,1
GCF_058215515.1,Vibrio cholerae,223,222,1,0
GCF_008693685.1,Vibrio vulnificus,222,221,1,0
GCF_024347495.1,Vibrio gallaecicus,222,219,1,2
GCF_001887395.1,Vibrio cholerae,221,220,1,0
GCF_009665275.1,Vibrio metoecus,221,220,1,0
GCF_043763295.1,Vibrio cholerae,221,220,1,0
GCF_043766955.1,Vibrio cholerae,221,220,1,0
GCF_001887655.1,Vibrio cholerae,220,219,1,0
GCF_039658515.1,Vibrio parahaemolyticus,219,216,1,2
GCF_043765735.1,Vibrio cholerae,219,218,1,0
GCF_001887455.1,Vibrio cholerae,218,217,1,0
GCF_002224265.1,Vibrio vulnificus NBRC 15645 = ATCC 27562,218,217,1,0
GCF_043762865.1,Vibrio cholerae,218,217,1,0
GCF_056820805.1,Vibrio vulnificus,217,215,1,1
GCF_900324435.1,Vibrio cholerae,217,216,1,0
GCF_023716645.1,Vibrio sp. SCSIO 43145,216,215,0,1
GCF_001887495.1,Vibrio cholerae,215,214,1,0
GCF_009665195.1,Vibrio mimicus,215,214,1,0
GCF_054906185.1,Vibrio cholerae,215,213,1,1
GCF_030580635.1,Vibrio metoecus,213,212,1,0
GCF_030220165.1,Vibrio vulnificus,211,209,1,1
GCF_948151475.1,Vibrio campbellii,210,207,1,2
GCF_002211985.1,Vibrio anguillarum,209,208,1,0
GCF_009763885.1,Vibrio cincinnatiensis,208,205,1,2
GCF_001887415.1,Vibrio cholerae,207,206,1,0
GCF_002215135.1,Vibrio vulnificus,206,205,1,0
GCF_030994145.1,Vibrio parahaemolyticus,206,205,1,0
GCF_034480095.1,Vibrio parahaemolyticus,206,205,1,0
GCF_038253855.1,Vibrio parahaemolyticus,206,205,1,0
GCF_009665415.1,Vibrio cidicii,205,204,0,1
GCF_030994185.1,Vibrio parahaemolyticus,205,204,1,0
GCF_043757815.1,Vibrio cholerae,205,204,1,0
GCF_001887515.1,Vibrio cholerae,204,203,1,0
GCF_013357645.1,Vibrio cholerae,204,203,1,0
GCF_000039765.1,Vibrio vulnificus CMCP6,203,202,1,0
GCF_043760105.1,Vibrio cholerae,203,202,1,0
GCF_042940635.1,Vibrio sp. NH-UV-68,202,200,1,1
GCF_053202865.1,Vibrio cholerae,199,197,1,1
GCF_009764055.1,Vibrio parahaemolyticus,198,196,1,1
GCF_043760675.1,Vibrio cholerae,198,197,1,0
GCF_053220535.1,Vibrio cholerae,198,197,1,0
GCF_055797365.1,Vibrio cholerae,198,197,1,0
GCF_021729985.1,Vibrio parahaemolyticus,197,195,1,1
GCF_000829215.1,Vibrio cholerae MS6,194,193,1,0
GCF_001683415.1,Vibrio cholerae 2740-80,193,192,1,0
GCF_001887475.1,Vibrio cholerae,193,192,1,0
GCF_013357725.1,Vibrio cholerae,193,191,1,1
GCF_033441455.1,Vibrio parahaemolyticus,193,190,1,2
GCF_009665215.1,Vibrio navarrensis,192,191,0,1
GCF_009762985.1,Vibrio cholerae,192,191,1,0
GCF_059941805.1,Vibrio parahaemolyticus,191,190,1,0
GCF_009764025.1,Vibrio mimicus,189,188,1,0
GCF_013357625.1,Vibrio cholerae,189,188,1,0
GCF_041734175.1,Vibrio anguillarum,189,187,1,1
GCF_900185995.1,Vibrio cholerae,189,188,1,0
GCF_009764005.1,Vibrio mimicus,188,187,1,0
GCF_038050815.1,Vibrio parahaemolyticus,188,185,1,2
GCF_038050985.1,Vibrio parahaemolyticus,188,185,1,2
GCF_038741195.1,Vibrio parahaemolyticus,188,185,1,2
GCF_048914355.1,Vibrio parahaemolyticus,188,185,1,2
GCF_050920865.1,Vibrio parahaemolyticus,188,185,1,2
GCF_051903045.1,Vibrio parahaemolyticus,188,185,1,2
GCF_052953315.1,Vibrio parahaemolyticus,188,185,1,2
GCF_026970915.1,Vibrio parahaemolyticus,187,184,1,2
GCF_032027525.2,Vibrio cholerae,187,184,1,2
GCF_051132235.1,Vibrio sp. SCSIO 43086,187,186,1,0
GCF_000009745.1,Vibrio vulnificus YJ016,186,185,1,0
GCF_001558475.2,Vibrio mimicus,185,184,1,0
GCF_000186585.1,Vibrio vulnificus MO6-24/O,183,181,1,1
GCF_023716545.1,Vibrio sp. SCSIO 43139,182,181,0,1
GCF_023716705.1,Vibrio sp. SCSIO 43186,182,181,0,1
GCF_024449095.1,Vibrio coralliilyticus,182,181,0,1
GCF_003612695.1,Vibrio parahaemolyticus,180,178,1,1
GCF_026650865.1,Vibrio parahaemolyticus,180,179,1,0
GCF_029023705.1,Vibrio alginolyticus,178,174,1,3
GCF_030718785.1,Vibrio cholerae,178,177,1,0
GCF_033803245.2,Vibrio cholerae,178,176,1,1
GCF_001887635.1,Vibrio cholerae,177,176,1,0
GCF_029990625.1,Vibrio vulnificus,177,175,1,1
GCF_046118655.1,Vibrio parahaemolyticus,177,175,1,1
GCF_009762915.1,Vibrio cholerae,176,175,1,0
GCF_039602145.1,Vibrio cholerae,176,175,1,0
GCF_004319645.1,Vibrio vulnificus,175,173,0,2
GCF_009665395.1,Vibrio cincinnatiensis,174,170,1,3
GCF_024347395.1,Vibrio cortegadensis,172,171,1,0
GCF_030238765.2,Vibrio parahaemolyticus,172,170,2,0
GCF_045586155.1,Vibrio diabolicus,172,171,1,0
GCF_000006745.1,Vibrio cholerae O1 biovar El Tor str. N16961,171,170,1,0
GCF_000250855.1,Vibrio cholerae IEC224,171,170,1,0
GCF_001250235.2,Vibrio cholerae,171,170,1,0
GCF_002073335.2,Vibrio cholerae,171,170,1,0
GCF_003063785.1,Vibrio cholerae,171,170,1,0
GCF_013085125.1,Vibrio cholerae O1 biovar El Tor,171,170,1,0
GCF_013357665.1,Vibrio cholerae,171,167,1,3
GCF_043766185.1,Vibrio cholerae,171,170,1,0
GCF_900205735.1,Vibrio cholerae O1 biovar El Tor str. N16961,171,170,1,0
GCF_001682175.1,Vibrio parahaemolyticus,170,168,1,1
GCF_002209725.2,Vibrio parahaemolyticus,170,168,1,1
GCF_009763565.1,Vibrio parahaemolyticus,170,168,1,1
GCF_001887615.1,Vibrio cholerae,169,168,1,0
GCF_002749635.1,Vibrio cholerae,169,168,1,0
GCF_009763905.1,Vibrio metoecus,169,168,1,0
GCF_013085165.1,Vibrio cholerae O1 biovar El Tor,169,168,1,0
GCF_040588515.1,Vibrio metschnikovii,169,168,1,0
GCF_043755855.1,Vibrio cholerae,169,168,1,0
GCF_043756335.1,Vibrio cholerae,169,168,1,0
GCF_043759795.1,Vibrio cholerae,169,168,1,0
GCF_043769025.1,Vibrio cholerae,169,168,1,0
GCF_044343085.1,Vibrio cholerae,169,168,1,0
GCF_044343165.1,Vibrio cholerae,169,168,1,0
GCF_002892855.1,Vibrio cholerae,168,167,1,0
GCF_002997215.1,Vibrio cholerae,168,167,1,0
GCF_003097695.1,Vibrio cholerae,168,167,1,0
GCF_013085075.1,Vibrio cholerae C6706,168,167,1,0
GCF_013085105.1,Vibrio cholerae O1 biovar El Tor,168,167,1,0
GCF_015482825.1,Vibrio cholerae C6706,168,167,1,0
GCF_017948285.1,Vibrio cholerae,168,167,1,0
GCF_021431945.1,Vibrio cholerae,168,166,1,1
GCF_043758405.1,Vibrio cholerae,168,167,1,0
GCF_044343075.1,Vibrio cholerae,168,167,1,0
GCF_046736365.1,Vibrio cholerae C6706,168,167,1,0
GCF_009763945.1,Vibrio cholerae C6706,167,166,1,0
GCF_040315585.1,Vibrio metschnikovii,167,161,1,5
GCF_043756065.1,Vibrio cholerae,167,166,1,0
GCF_053220475.1,Vibrio cholerae,167,166,1,0
GCF_001995825.2,Vibrio kanaloae,166,162,1,3
GCF_023169625.1,Vibrio alginolyticus,165,163,0,2
GCF_030704285.1,Vibrio parahaemolyticus,165,162,1,2
GCF_046118645.1,Vibrio parahaemolyticus,165,163,1,1
GCF_060301545.1,Vibrio parahaemolyticus,165,164,1,0
GCF_001887435.1,Vibrio cholerae,164,163,1,0
GCF_043763905.1,Vibrio cholerae,164,163,1,0
GCF_056934275.1,Vibrio parahaemolyticus,164,161,1,2
GCF_013393865.1,Vibrio parahaemolyticus,162,161,1,0
GCF_022343205.1,Vibrio alginolyticus,162,160,1,1
GCF_009763085.1,Vibrio alginolyticus,161,157,2,2
GCF_024442155.1,Vibrio campbellii,160,151,1,8
GCF_008369605.1,Vibrio cholerae,159,156,1,2
GCF_018336415.1,Vibrio cholerae O37,159,158,1,0
GCF_059692275.1,Vibrio parahaemolyticus,159,156,1,2
GCF_052772185.1,Vibrio parahaemolyticus,158,157,1,0
GCF_045689325.1,Vibrio cholerae V52,156,155,1,0
GCF_009734325.1,Vibrio parahaemolyticus,155,154,1,0
GCF_043757505.1,Vibrio cholerae,155,154,1,0
GCF_054112565.1,Vibrio metschnikovii,155,154,1,0
GCF_015779285.1,Vibrio parahaemolyticus,154,153,1,0
GCF_020041945.1,Vibrio parahaemolyticus,154,153,1,0
GCF_059772125.1,Vibrio jasicida,154,153,1,0
GCF_024442195.1,Vibrio campbellii,153,143,1,9
GCF_040735825.1,Vibrio cholerae,153,152,1,0
GCF_003085735.1,Vibrio parahaemolyticus,152,151,1,0
GCF_006517795.1,Vibrio parahaemolyticus,152,151,1,0
GCF_009665255.1,Vibrio metoecus,152,151,1,0
GCF_009883895.1,Vibrio parahaemolyticus,152,151,1,0
GCF_028551295.1,Vibrio parahaemolyticus,152,151,1,0
GCF_030064615.2,Vibrio parahaemolyticus,152,151,1,0
GCF_039658525.1,Vibrio parahaemolyticus,152,151,1,0
GCF_053294815.1,Vibrio parahaemolyticus,152,151,1,0
GCF_002953535.1,Vibrio alginolyticus,151,148,1,2
GCF_009763445.1,Vibrio parahaemolyticus,150,149,1,0
GCF_023650755.1,Vibrio sp. SCSIO 43097,150,148,1,1
GCF_030994565.1,Vibrio parahaemolyticus,150,149,0,1
GCF_053220555.1,Vibrio cholerae,150,149,1,0
GCF_053220575.1,Vibrio cholerae,150,149,1,0
GCF_049816165.1,Vibrio parahaemolyticus,149,148,1,0
GCF_054111865.1,Vibrio diabolicus,149,148,1,0
GCF_000788715.2,Vibrio cholerae,148,147,1,0
GCF_001854425.1,Vibrio cholerae,148,147,1,0
GCF_009938115.1,Vibrio cholerae O1,148,147,1,0
GCF_056135565.1,Vibrio parahaemolyticus,148,146,2,0
GCF_040126105.1,Vibrio parahaemolyticus,147,146,1,0
GCF_040556435.1,Vibrio cholerae,147,146,1,0
GCF_002953335.1,Vibrio diabolicus,146,144,1,1
GCF_900538065.1,Vibrio paracholerae,146,145,1,0
GCF_025917705.1,Vibrio parahaemolyticus,145,143,1,1
GCF_002906655.1,Vibrio hyugaensis,144,143,1,0
GCF_003691525.1,Vibrio parahaemolyticus,144,143,1,0
GCF_052375575.1,Vibrio parahaemolyticus,144,143,1,0
GCF_054875955.1,Vibrio parahaemolyticus,144,141,2,1
GCF_001558495.2,Vibrio parahaemolyticus,143,141,1,1
GCF_021730005.1,Vibrio parahaemolyticus,143,141,1,1
GCF_021730065.1,Vibrio parahaemolyticus,143,141,1,1
GCF_030995125.1,Vibrio alginolyticus,143,139,1,3
GCF_045287955.1,Vibrio parahaemolyticus,143,141,1,1
GCF_054850435.1,Vibrio sp. RC2502,143,142,1,0
GCF_055233655.1,Vibrio parahaemolyticus,143,141,1,1
GCF_058267735.1,Vibrio parahaemolyticus,143,142,1,0
GCF_009763925.1,Vibrio metschnikovii,142,141,1,0
GCF_028472865.1,Vibrio parahaemolyticus,142,140,1,1
GCF_002953355.1,Vibrio diabolicus,141,139,1,1
GCF_004194515.1,Vibrio parahaemolyticus,140,138,1,1
GCF_009665495.1,Vibrio parahaemolyticus,140,138,1,1
GCF_056892265.1,Vibrio alginolyticus,140,139,1,0
GCF_052805275.1,Vibrio campbellii,139,138,1,0
GCF_053220675.1,Vibrio cholerae,139,136,1,2
GCF_001879585.1,Vibrio parahaemolyticus,138,136,1,1
GCF_053220655.1,Vibrio cholerae,138,135,2,1
GCF_056770535.1,Vibrio cholerae,137,133,4,0
GCF_021397735.1,Vibrio harveyi,136,135,1,0
GCF_025258925.1,Vibrio cholerae,136,135,1,0
GCF_025258945.1,Vibrio cholerae,136,135,1,0
GCF_052076115.1,Vibrio harveyi,136,135,1,0
GCF_059941605.1,Vibrio parahaemolyticus,136,135,1,0
GCF_008693625.1,Vibrio parahaemolyticus,135,133,1,1
GCF_019321785.1,Vibrio parahaemolyticus,135,134,1,0
GCF_057396045.1,Vibrio parahaemolyticus,135,132,2,1
GCF_000765415.1,Vibrio cholerae,134,131,3,0
GCF_003719755.1,Vibrio cholerae,134,131,3,0
GCF_030064635.1,Vibrio parahaemolyticus,134,133,0,1
GCF_044905055.1,Vibrio cholerae,134,132,2,0
GCF_051131115.1,Vibrio parahaemolyticus,134,133,1,0
GCF_053220515.1,Vibrio cholerae,134,133,1,0
GCF_019704235.1,Vibrio cholerae,133,131,2,0
GCF_021431865.1,Vibrio cholerae,133,131,2,0
GCF_030994165.1,Vibrio parahaemolyticus,133,130,1,2
GCF_034008165.1,Vibrio cholerae,133,130,3,0
GCF_034008175.1,Vibrio cholerae,133,131,2,0
GCF_040969975.1,Vibrio diabolicus,133,132,1,0
GCF_043754845.1,Vibrio cholerae,133,132,1,0
GCF_047524955.2,Vibrio cholerae,133,130,3,0
GCF_053220715.1,Vibrio cholerae,133,132,1,0
GCF_056770475.1,Vibrio cholerae,133,130,3,0
GCF_937000105.1,Vibrio cholerae,133,130,3,0
GCF_000021605.1,Vibrio cholerae M66-2,132,131,1,0
GCF_000022585.1,Vibrio cholerae MJ-1236,132,129,2,1
GCF_000166455.1,Vibrio cholerae O1 str. 2010EL-1786,132,130,2,0
GCF_000275645.1,Vibrio cholerae H1,132,130,2,0
GCF_000963555.1,Vibrio cholerae O1 biovar El Tor,132,130,2,0
GCF_001318185.1,Vibrio cholerae O1 str. KW3,132,130,2,0
GCF_002946655.1,Vibrio cholerae O1 biovar El Tor,132,130,2,0
GCF_009799825.1,Vibrio cholerae,132,130,2,0
GCF_013085145.1,Vibrio cholerae O1 biovar El Tor,132,130,2,0
GCF_019458445.1,Vibrio cholerae,132,131,1,0
GCF_019704255.1,Vibrio cholerae,132,130,2,0
GCF_024734685.1,Vibrio cholerae,132,130,2,0
GCF_030718725.1,Vibrio cholerae,132,130,2,0
GCF_030718745.1,Vibrio cholerae,132,130,2,0
GCF_030718765.1,Vibrio cholerae,132,130,2,0
GCF_040412195.1,Vibrio cholerae,132,130,2,0
GCF_044905045.1,Vibrio cholerae,132,130,2,0
GCF_050500225.1,Vibrio cholerae,132,130,2,0
GCF_052806215.1,Vibrio parahaemolyticus,132,131,1,0
GCF_056770485.1,Vibrio cholerae,132,130,2,0
GCF_056770545.1,Vibrio cholerae,132,130,2,0
GCF_056770575.1,Vibrio cholerae,132,130,2,0
GCF_002117205.1,Vibrio vulnificus,131,129,1,1
GCF_024347655.1,Vibrio toranzoniae,131,127,1,3
GCF_032841475.3,Vibrio cholerae,131,130,1,0
GCF_000021625.1,Vibrio cholerae O395,130,128,1,1
GCF_041834225.2,Vibrio cholerae,130,128,2,0
GCF_051131125.1,Vibrio parahaemolyticus,130,129,1,0
GCF_057368455.1,Aliivibrio thorii,130,128,1,1
GCF_034480135.1,Vibrio parahaemolyticus,129,127,1,1
GCF_057625995.1,Vibrio harveyi,129,128,1,0
GCF_002290245.2,Vibrio parahaemolyticus,128,126,1,1
GCF_009763165.1,Vibrio parahaemolyticus,128,126,1,1
GCF_009763645.1,Vibrio parahaemolyticus,128,126,1,1
GCF_015168795.1,Vibrio cholerae,128,126,2,0
GCF_030062725.1,Vibrio cholerae,128,127,1,0
GCF_000016245.1,Vibrio cholerae O395,127,125,1,1
GCF_009763065.1,Vibrio cholerae,127,126,1,0
GCF_009763865.1,Vibrio metoecus,127,126,1,0
GCF_026000495.1,Vibrio sp. STUT-A16,127,124,1,2
GCF_052271875.1,Vibrio cholerae,127,125,1,1
GCF_013393885.1,Vibrio parahaemolyticus,126,125,1,0
GCF_023716625.1,Vibrio sp. SCSIO 43153,126,124,1,1
GCF_023983475.1,Aliivibrio fischeri ATCC 7744 = JCM 18803 = DSM 507,126,125,1,0
GCF_053220495.1,Vibrio cholerae,126,125,1,0
GCF_053220695.1,Vibrio cholerae,126,124,1,1
GCF_001244315.1,Vibrio parahaemolyticus,125,124,1,0
GCF_001887055.1,Vibrio parahaemolyticus,125,124,1,0
GCF_009646135.1,Vibrio cholerae O395,125,123,1,1
GCF_032463505.1,Vibrio alginolyticus,125,122,1,2
GCF_042604665.1,Vibrio cholerae,125,122,3,0
GCF_053890595.1,Vibrio proteolyticus,125,122,1,2
GCF_025917745.1,Vibrio parahaemolyticus,124,123,1,0
GCF_049816605.1,Vibrio parahaemolyticus,124,123,1,0
GCF_052956585.1,Vibrio cholerae,124,122,2,0
GCF_058315275.1,Vibrio parahaemolyticus,124,123,1,0
GCF_009763505.1,Vibrio parahaemolyticus,123,121,1,1
GCF_009763525.1,Vibrio parahaemolyticus,123,121,1,1
GCF_048284885.2,Vibrio parahaemolyticus,123,122,1,0
GCF_053154035.1,Vibrio harveyi,123,121,1,1
GCF_001996365.2,Vibrio parahaemolyticus,122,121,1,0
GCF_003612715.1,Vibrio parahaemolyticus,122,119,1,2
GCF_023277445.1,Vibrio sp. ED002,122,120,1,1
GCF_053220635.1,Vibrio cholerae,122,120,2,0
GCF_002313025.1,Vibrio cholerae,121,120,1,0
GCF_009762945.1,Vibrio cholerae,121,120,1,0
GCF_045004295.1,Vibrio campbellii,121,120,1,0
GCF_050920685.1,Vibrio parahaemolyticus,121,120,1,0
GCF_051903285.1,Vibrio cholerae,121,119,1,1
GCF_009184745.1,Vibrio harveyi,120,118,1,1
GCF_023650915.1,Vibrio alginolyticus,120,119,1,0
GCF_002216685.1,Vibrio tarriae,119,116,1,2
GCF_019458465.1,Vibrio cholerae,119,117,2,0
GCF_019670485.1,Vibrio alfacsensis,119,118,1,0
GCF_024347535.1,Vibrio kanaloae,119,114,1,4
GCF_000430425.1,Vibrio parahaemolyticus O1:K33 str. CDC_K4557,118,117,1,0
GCF_031883075.1,Vibrio vulnificus,118,117,1,0
GCF_051903295.1,Vibrio cholerae,118,116,1,1
GCF_002220985.3,Vibrio parahaemolyticus,117,115,1,1
GCF_009763605.1,Vibrio parahaemolyticus,117,115,1,1
GCF_009763825.1,Vibrio cholerae,117,116,1,0
GCF_023205895.1,Vibrio parahaemolyticus,117,116,1,0
GCF_900324425.1,Vibrio cholerae,117,116,1,0
GCF_900324445.1,Vibrio cholerae,117,116,1,0
GCF_011801455.1,Vibrio diabolicus,116,113,1,2
GCF_013462495.1,Vibrio cholerae,116,115,1,0
GCF_017948345.1,Vibrio cholerae MO10,116,115,1,0
GCF_058119545.1,Vibrio alginolyticus,116,114,1,1
GCF_059427945.1,Vibrio parahaemolyticus,116,111,1,4
GCF_900324455.1,Vibrio cholerae,116,115,1,0
GCF_001433415.1,Vibrio parahaemolyticus,115,112,1,2
GCF_009763705.1,Vibrio cincinnatiensis,115,112,1,2
GCF_040805305.1,Vibrio cholerae,115,111,2,2
GCF_042848055.1,Vibrio harveyi,115,113,1,1
GCF_057368635.1,Aliivibrio logei,114,112,1,1
GCF_000568495.1,Vibrio parahaemolyticus UCM-V493,113,112,1,0
GCF_034480485.1,Vibrio parahaemolyticus,113,110,1,2
GCF_009883875.1,Vibrio parahaemolyticus,112,110,1,1
GCF_003312585.1,Vibrio campbellii,111,99,1,11
GCF_009763625.1,Vibrio parahaemolyticus,111,110,1,0
GCF_023716605.1,Vibrio sp. SCSIO 43155,111,110,1,0
GCF_025994915.1,Vibrio vulnificus,111,110,1,0
GCF_030238725.2,Vibrio parahaemolyticus,111,110,1,0
GCF_964264695.1,Aliivibrio logei,111,109,1,1
GCF_008693745.1,Vibrio parahaemolyticus,110,108,1,1
GCF_009764075.1,Vibrio parahaemolyticus,110,108,1,1
GCF_030060435.1,Vibrio harveyi,110,109,1,0
GCF_002310335.1,Vibrio anguillarum,109,103,1,5
GCF_003574155.1,Vibrio cholerae,109,107,2,0
GCF_014274185.1,Vibrio alginolyticus,109,106,2,1
GCF_040235185.1,Vibrio metschnikovii,109,108,1,0
GCF_055393305.1,Vibrio sp. JCM 18905,109,107,1,1
GCF_044496695.1,Vibrio campbellii,108,105,1,2
GCF_004328575.1,Vibrio cholerae,107,106,1,0
GCF_028551315.1,Vibrio harveyi,107,106,1,0
GCF_003691545.1,Vibrio owensii,106,105,1,0
GCF_023205955.1,Vibrio parahaemolyticus,106,103,1,2
GCF_034480305.1,Vibrio alginolyticus,106,103,1,2
GCF_045278325.1,Vibrio parahaemolyticus,106,103,3,0
GCF_057730815.1,Aliivibrio fischeri,106,105,1,0
GCF_001188185.2,Vibrio parahaemolyticus,105,103,1,1
GCF_009649015.1,Vibrio parahaemolyticus 10329,105,103,1,1
GCF_009883835.1,Vibrio parahaemolyticus,105,103,1,1
GCF_046097525.1,Vibrio cholerae,105,104,1,0
GCF_059772105.1,Vibrio jasicida,105,104,1,0
GCF_001636035.1,Vibrio parahaemolyticus,104,102,1,1
GCF_024582835.1,Vibrio japonicus,104,102,1,1
GCF_040869035.2,Vibrio sp. NTOU-M3,104,102,1,1
GCF_043995865.1,Vibrio sp. D3,104,103,1,0
GCF_045004305.1,Vibrio campbellii,104,103,1,0
GCF_001262735.2,Vibrio harveyi,103,102,1,0
GCF_002163755.1,Vibrio campbellii CAIM 519 = NBRC 15631 = ATCC 25920,103,96,1,6
GCF_022343105.1,Vibrio alginolyticus,103,101,1,1
GCF_024971935.1,Vibrio harveyi,103,102,1,0
GCF_056674835.1,Vibrio alginolyticus,103,101,1,1
GCF_001558435.2,Vibrio harveyi,102,101,1,0
GCF_023169605.1,Vibrio alginolyticus,102,99,1,2
GCF_024442175.1,Vibrio campbellii,102,95,1,6
GCF_030998145.1,Vibrio parahaemolyticus,102,100,1,1
GCF_009763485.1,Vibrio cincinnatiensis,101,98,1,2
GCF_013357605.1,Vibrio cholerae,101,100,1,0
GCF_029635775.1,Vibrio misgurnus,101,100,1,0
GCF_001758605.1,Vibrio parahaemolyticus,100,97,1,2
GCF_009763045.1,Vibrio cholerae,100,99,0,1
GCF_023206775.1,Vibrio alginolyticus,100,98,1,1
GCF_054512795.1,Vibrio harveyi,100,97,1,2
GCF_055389885.1,Vibrio cholerae,100,99,1,0
GCF_059910985.1,Vibrio sinaloensis,100,97,1,2
GCF_045004265.1,Vibrio campbellii,99,98,1,0
GCF_045004285.1,Vibrio campbellii,99,98,1,0
GCF_053220585.1,Vibrio cholerae,99,97,1,1
GCF_057368575.1,Aliivibrio thorii,99,97,1,1
GCF_057368585.1,Aliivibrio thorii,99,97,1,1
GCF_905175335.1,Vibrio sp. B1FIG11,99,98,1,0
GCF_023206515.1,Vibrio parahaemolyticus,98,97,1,0
GCF_023716565.1,Vibrio sp. SCSIO 43136,98,96,1,1
GCF_056934295.1,Vibrio parahaemolyticus,98,95,1,2
GCF_001908435.2,Vibrio harveyi,97,93,1,3
GCF_011801435.1,Vibrio alginolyticus,97,96,1,0
GCF_028898705.1,Vibrio harveyi,97,96,1,0
GCF_051175305.1,Vibrio scophthalmi,97,95,0,2
GCF_023169825.1,Vibrio cholerae,96,95,1,0
GCF_049816175.1,Vibrio campbellii,96,95,1,0
GCF_050888945.2,Vibrio parahaemolyticus,96,95,1,0
GCF_937000115.1,Vibrio cholerae,96,94,2,0
GCF_000430405.1,Vibrio parahaemolyticus O1:Kuk str. FDA_R31,95,93,1,1
GCF_009762895.1,Vibrio cholerae,95,94,1,0
GCF_029958905.1,Vibrio sp. YMD68,95,94,1,0
GCF_033441435.1,Vibrio parahaemolyticus,95,94,1,0
GCF_002887655.1,Vibrio owensii,94,93,1,0
GCF_905175355.1,Vibrio sp. B1ASS3,94,92,1,1
GCF_052747775.1,Vibrio parahaemolyticus,93,91,1,1
GCF_000770115.1,Vibrio harveyi,92,91,1,0
GCF_030059845.1,Vibrio parahaemolyticus,92,90,1,1
GCF_057368475.1,Aliivibrio friggae,92,90,1,1
GCF_057368495.1,Aliivibrio friggae,92,90,1,1
GCF_057368515.1,Aliivibrio friggae,92,90,1,1
GCF_057368525.1,Aliivibrio friggae,92,89,1,2
GCF_000969235.1,Vibrio cholerae,91,89,1,1
GCF_000969265.1,Vibrio cholerae,91,89,1,1
GCF_001767355.1,Vibrio mimicus,91,90,1,0
GCF_002906455.1,Vibrio campbellii,91,87,0,4
GCF_002287545.1,Vibrio anguillarum,90,87,1,2
GCF_009763665.1,Vibrio cholerae,90,88,1,1
GCF_013357885.1,Vibrio cholerae,90,88,1,1
GCF_028898725.1,Vibrio harveyi,90,88,1,1
GCF_049816615.1,Vibrio owensii,90,89,1,0
GCF_001687805.1,Vibrio scophthalmi,89,88,0,1
GCF_001969325.1,Vibrio campbellii,89,88,1,0
GCF_002140055.1,Vibrio campbellii,89,88,1,0
GCF_002291265.1,Vibrio anguillarum,89,86,1,2
GCF_025917725.1,Vibrio owensii,89,88,1,0
GCF_028898685.1,Vibrio harveyi,89,87,1,1
GCF_039542195.1,Vibrio harveyi,89,88,1,0
GCF_049817095.1,Vibrio owensii,89,88,1,0
GCF_003591575.1,Vibrio cholerae,88,87,1,0
GCF_013368735.1,Vibrio alginolyticus,88,84,1,3
GCF_046581405.1,Vibrio vulnificus,88,86,1,1
GCF_000786425.1,Vibrio anguillarum,87,84,1,2
GCF_002211505.1,Vibrio anguillarum,87,84,1,2
GCF_003031205.1,Vibrio anguillarum,87,83,1,3
GCF_003399575.2,Vibrio anguillarum,87,84,1,2
GCF_009763025.1,Vibrio parahaemolyticus,87,85,1,1
GCF_025397955.1,Vibrio sp. J502,87,84,1,2
GCF_021610025.1,Vibrio anguillarum,86,84,1,1
GCF_049818045.1,Vibrio parahaemolyticus,86,85,1,0
GCF_009764095.1,Vibrio vulnificus,85,84,1,0
GCF_028885545.1,Vibrio harveyi,85,82,1,2
GCF_028885585.1,Vibrio harveyi,85,82,1,2
GCF_032841535.3,Vibrio cholerae,85,83,1,1
GCF_000217675.1,Vibrio anguillarum 775,84,81,1,2
GCF_000354175.2,Vibrio alginolyticus NBRC 15630 = ATCC 17749,84,82,1,1
GCF_000462975.1,Vibrio anguillarum M3,84,81,1,2
GCF_021729965.1,Vibrio parahaemolyticus,84,81,1,2
GCF_021730025.1,Vibrio parahaemolyticus,84,81,1,2
GCF_022343165.1,Vibrio alginolyticus,84,83,1,0
GCF_026651645.1,Vibrio alginolyticus,84,82,1,1
GCF_028609665.1,Vibrio parahaemolyticus,84,82,1,1
GCF_028609685.1,Vibrio parahaemolyticus,84,81,1,2
GCF_028609705.1,Vibrio parahaemolyticus,84,81,1,2
GCF_033573735.1,Vibrio parahaemolyticus,84,82,1,1
GCF_051859665.1,Vibrio alginolyticus,84,82,1,1
GCF_001685465.1,Vibrio scophthalmi,83,81,0,2
GCF_002953975.1,Vibrio alginolyticus,83,81,1,1
GCF_028898825.1,Vibrio harveyi,83,82,1,0
GCF_000746665.1,Vibrio vulnificus,82,81,1,0
GCF_021391375.1,Vibrio kanaloae,82,77,1,4
GCF_024347295.1,Vibrio artabrorum,82,81,1,0
GCF_039544385.1,Vibrio harveyi,82,79,1,2
GCF_054568155.3,Vibrio parahaemolyticus,82,79,2,1
GCF_057321345.1,Vibrio parahaemolyticus,82,79,2,1
GCF_028898625.1,Vibrio harveyi,81,79,1,1
GCF_030388405.1,Vibrio harveyi,81,80,1,0
GCF_036351935.1,Vibrio harveyi,81,80,1,0
GCF_045004315.1,Vibrio campbellii,81,79,1,1
GCF_052805255.1,Vibrio campbellii,81,80,1,0
GCF_000024825.1,Vibrio antiquarius,80,77,1,2
GCF_022343125.1,Vibrio alginolyticus,80,78,1,1
GCF_003076895.1,Vibrio parahaemolyticus,79,78,1,0
GCF_003119375.1,Vibrio parahaemolyticus,79,78,1,0
GCF_028898745.1,Vibrio harveyi,79,78,1,0
GCF_046532695.1,Vibrio alginolyticus,79,78,1,0
GCF_053643215.1,Vibrio sp. NH-7,79,78,1,0
GCF_002953515.1,Vibrio alginolyticus,78,74,1,3
GCF_024220035.1,Vibrio furnissii,78,74,2,2
GCF_045820715.1,Vibrio rotiferianus,78,77,1,0
GCF_050815385.1,Vibrio harveyi,77,75,1,1
GCF_000328405.1,Vibrio parahaemolyticus BB22OP,76,74,1,1
GCF_009665315.1,Vibrio harveyi,76,75,1,0
GCF_009763425.1,Vibrio parahaemolyticus,76,75,1,0
GCF_026013235.1,Vibrio cholerae,76,75,1,0
GCF_034428235.1,Vibrio alfacsensis,76,74,1,1
GCF_048284855.2,Vibrio harveyi,76,75,1,0
GCF_029224045.1,Vibrio furnissii,75,74,1,0
GCF_039658545.1,Vibrio parahaemolyticus,75,74,1,0
GCF_055808835.1,Vibrio sp. GJ43-1,75,73,1,1
GCF_024442235.1,Vibrio campbellii,74,60,0,14
GCF_057368435.1,Aliivibrio friggae,74,71,2,1
GCF_057439795.1,Vibrio harveyi,74,72,1,1
GCF_057439825.1,Vibrio harveyi,74,72,1,1
GCF_028743695.1,Vibrio alginolyticus,73,72,1,0
GCF_001310575.2,Vibrio owensii,72,71,1,0
GCF_001469735.1,Vibrio alginolyticus,72,68,1,3
GCF_009883815.1,Vibrio parahaemolyticus,72,70,1,1
GCF_025920025.1,Vibrio parahaemolyticus,72,70,1,1
GCF_049810405.1,Vibrio owensii,72,71,1,0
GCF_057476815.1,Vibrio alginolyticus,72,68,1,3
GCF_009883855.1,Vibrio parahaemolyticus,71,69,1,1
GCF_018135645.1,Vibrio parahaemolyticus,71,70,1,0
GCF_056824445.1,Vibrio rotiferianus,71,68,1,2
GCF_052076135.1,Vibrio sp. Vf1514,70,69,1,0
GCF_002906475.1,Vibrio campbellii,69,67,1,1
GCF_022343145.1,Vibrio alginolyticus,69,67,0,2
GCF_046271895.1,Vibrio parahaemolyticus,69,68,1,0
GCF_013154935.1,Vibrio europaeus,68,65,1,2
GCF_015654285.1,Vibrio europaeus,68,63,1,4
GCF_049384865.1,Vibrio harveyi,68,66,1,1
GCF_002214395.1,Vibrio rotiferianus,67,66,1,0
GCF_028898645.1,Vibrio harveyi,67,65,1,1
GCF_037997145.1,Vibrio harveyi,67,63,1,3
GCF_057730835.1,Aliivibrio fischeri,67,66,1,0
GCF_000196095.1,Vibrio parahaemolyticus RIMD 2210633,66,65,1,0
GCF_001700835.1,Vibrio parahaemolyticus,66,64,1,1
GCF_002073775.2,Vibrio parahaemolyticus,66,65,1,0
GCF_023205915.1,Vibrio parahaemolyticus,66,65,1,0
GCF_030991365.1,Vibrio alginolyticus,66,63,1,2
GCF_038070605.1,Vibrio parahaemolyticus,66,64,1,1
GCF_038297345.1,Vibrio alginolyticus,66,63,1,2
GCF_046271965.1,Vibrio parahaemolyticus,66,65,1,0
GCF_050710195.2,Vibrio campbellii,66,64,1,1
GCF_052076125.1,Vibrio parahaemolyticus,66,65,1,0
GCF_002142655.1,Vibrio campbellii,65,64,1,0
GCF_009763745.1,Vibrio alginolyticus,65,63,1,1
GCF_011306175.1,Vibrio sp. HDW18,65,63,1,1
GCF_004006515.1,Vibrio parahaemolyticus,64,63,1,0
GCF_007182835.1,Vibrio rotiferianus,64,63,1,0
GCF_022343185.1,Vibrio alginolyticus,64,62,1,1
GCF_028228685.1,Vibrio parahaemolyticus,64,63,1,0
GCF_030552955.1,Vibrio parahaemolyticus,64,63,1,0
GCF_050507685.1,Vibrio alginolyticus,64,61,1,2
GCF_055394615.1,Vibrio parahaemolyticus,64,63,1,0
GCF_052591495.1,Vibrio harveyi,63,62,1,0
GCF_006364355.1,Vibrio furnissii,62,59,1,2
GCF_009763225.1,Vibrio furnissii,62,61,1,0
GCF_022869905.1,Vibrio furnissii,62,59,1,2
GCF_023716525.1,Vibrio sp. SCSIO 43009,62,60,1,1
GCF_024442215.1,Vibrio campbellii,62,54,1,7
GCF_009763845.1,Vibrio alginolyticus,61,59,1,1
GCF_029203225.1,Vibrio alginolyticus,61,60,1,0
GCF_000184325.1,Vibrio furnissii NCTC 11218,60,58,1,1
GCF_057439855.1,Vibrio coralliilyticus,60,56,0,4
GCF_019670025.1,Vibrio alfacsensis,59,58,1,0
GCF_047221425.1,Vibrio cholerae,59,56,1,2
GCF_002887615.1,Vibrio jasicida 090810c,58,57,1,0
GCF_026000435.1,Vibrio sp. STUT-A11,58,56,1,1
GCF_057439695.1,Vibrio owensii,56,54,1,1
GCF_002953395.1,Vibrio diabolicus,55,53,1,1
GCF_003691485.1,Vibrio campbellii,55,54,1,0
GCF_009763545.1,Vibrio parahaemolyticus,55,53,1,1
GCF_011212705.1,Vibrio coralliilyticus OCN008,55,53,0,2
GCF_033100075.1,Vibrio parahaemolyticus,55,53,1,1
GCF_057814595.1,Aliivibrio fischeri,55,54,1,0
GCF_059941785.1,Vibrio parahaemolyticus,55,54,1,0
GCF_002021755.1,Vibrio owensii,54,53,1,0
GCF_030994225.1,Vibrio parahaemolyticus,54,53,1,0
GCF_034480505.1,Vibrio parahaemolyticus,54,53,1,0
GCF_057439715.1,Vibrio owensii,54,51,1,2
GCF_014217295.1,Vibrio parahaemolyticus,53,52,1,0
GCF_019977755.1,Vibrio penaeicida,53,51,0,2
GCF_019977775.1,Vibrio penaeicida,53,51,0,2
GCF_019977795.1,Vibrio penaeicida,53,51,0,2
GCF_051122595.1,Vibrio sp. K4,52,51,1,0
GCF_053903115.1,Vibrio sp. AK197,52,48,1,3
GCF_057368555.1,Aliivibrio friggae,52,50,1,1
GCF_057730715.1,Aliivibrio fischeri,51,50,1,0
GCF_057730755.1,Aliivibrio fischeri,51,50,1,0
GCF_057730775.1,Aliivibrio fischeri,51,50,1,0
GCF_057730795.1,Aliivibrio fischeri,51,50,1,0
GCF_057730825.1,Aliivibrio fischeri,51,50,1,0
GCF_019977815.1,Vibrio penaeicida,50,47,0,3
GCF_019977835.1,Vibrio penaeicida,50,47,0,3
GCF_044784405.1,Vibrio cholerae,50,49,1,0
GCF_057439735.1,Vibrio owensii,50,49,1,0
GCF_963681195.1,Vibrio sp. 16,50,48,1,1
GCF_002119505.2,Vibrio alginolyticus,49,46,1,2
GCF_002119545.1,Vibrio alginolyticus,49,46,1,2
GCF_002119565.1,Vibrio alginolyticus,49,46,1,2
GCF_002119585.1,Vibrio alginolyticus,49,46,1,2
GCF_002149065.1,Vibrio alginolyticus,49,46,1,2
GCF_002149085.1,Vibrio alginolyticus,49,46,1,2
GCF_002149105.1,Vibrio alginolyticus,49,46,1,2
GCF_003613035.1,Vibrio alginolyticus,49,46,1,2
GCF_003613065.1,Vibrio alginolyticus,49,46,1,2
GCF_003691505.1,Vibrio owensii,49,48,1,0
GCF_028743655.1,Vibrio campbellii,49,47,1,1
GCF_042691635.1,Vibrio harveyi,49,48,0,1
GCF_059683725.1,Aliivibrio fischeri,49,47,1,1
GCF_040869025.1,Vibrio scophthalmi,48,47,0,1
GCF_057368615.1,Aliivibrio logei,48,46,1,1
GCF_059692255.1,Vibrio cholerae,48,47,1,0
GCF_022453845.1,Vibrio campbellii,46,45,1,0
GCF_046532685.1,Vibrio parahaemolyticus,45,43,1,1
GCF_059552575.1,Photobacterium sp. HL06,45,41,1,3
GCF_025920045.1,Vibrio parahaemolyticus,44,42,1,1
GCF_029541605.1,Vibrio coralliilyticus,44,41,0,3
GCF_047549585.1,Vibrio europaeus,43,41,1,1
GCF_001695575.2,Vibrio europaeus,42,39,1,2
GCF_009665435.1,Vibrio alginolyticus,42,40,1,1
GCF_059983175.1,Vibrio harveyi,42,40,1,1
GCF_000772065.1,Vibrio coralliilyticus,41,38,0,3
GCF_023195835.1,Vibrio sinaloensis,41,40,1,0
GCF_009763765.1,Vibrio metschnikovii,40,39,1,0
GCF_057626015.1,Vibrio harveyi,37,34,0,3
GCF_021249365.1,Vibrio furnissii,36,32,2,2
GCF_022343085.1,Vibrio alginolyticus,36,35,1,0
GCF_041950465.1,Vibrio alginolyticus,36,33,1,2
GCF_045291255.1,Vibrio scophthalmi,36,35,0,1
GCF_059682885.1,Vibrio harveyi,36,33,0,3
GCF_000772105.1,Vibrio tubiashii ATCC 19109,35,32,1,2
GCF_003391375.1,Vibrio coralliilyticus,35,31,0,4
GCF_003942025.1,Aliivibrio salmonicida,35,29,4,2
GCF_009363455.1,Vibrio sp. THAF64,35,34,0,1
GCF_009676865.1,Vibrio sp. THAF191d,35,34,0,1
GCF_009708195.1,Vibrio sp. THAF191c,35,34,0,1
GCF_041879375.1,Vibrio kanaloae,35,30,1,4
GCF_041879385.1,Vibrio kanaloae,35,30,1,4
GCF_057439675.1,Vibrio owensii,35,33,1,1
GCF_030316235.1,Vibrio furnissii,34,32,2,0
GCF_059641075.1,Vibrio coralliilyticus,34,32,0,2
GCF_028885605.1,Vibrio harveyi,33,32,1,0
GCF_000011805.1,Aliivibrio fischeri ES114,32,30,1,1
GCF_001693615.1,Vibrio coralliilyticus,32,31,0,1
GCF_041475595.1,Vibrio natriegens,32,30,1,1
GCF_054053365.1,Vibrio coralliilyticus,32,31,0,1
GCF_055699095.1,Vibrio campbellii,31,29,1,1
GCF_009763345.1,Vibrio furnissii,30,29,1,0
GCF_049821485.1,Vibrio tubiashii,30,26,1,3
GCF_030316215.1,Vibrio furnissii,29,25,1,3
GCF_057784735.1,Vibrio sp. TAP-3B,28,27,1,0
GCF_030291875.1,Vibrio parahaemolyticus,27,26,1,0
GCF_048300935.1,Vibrio scophthalmi,27,25,0,2
GCF_000241385.1,Vibrio sp. EJY3,26,24,1,1
GCF_024346995.1,Vibrio palustris,26,21,0,5
GCF_000196495.1,Aliivibrio salmonicida LFI1238,25,22,1,2
GCF_002874845.2,Vibrio cyclitrophicus,25,21,1,3
GCF_023151555.2,Photobacterium sp. CCB-ST2H9,25,23,0,2
GCF_035758505.1,Grimontia sp. NTOU-MAR1,25,20,1,4
GCF_038452265.1,Vibrio diazotrophicus,25,24,1,0
GCF_040412085.2,Vibrio chaetopteri,25,23,1,1
GCF_001680065.1,Vibrio natriegens,24,22,1,1
GCF_041879395.1,Vibrio cyclitrophicus,24,21,1,2
GCF_045679545.1,Enterovibrio litoreus,24,23,1,0
GCF_057439805.1,Vibrio tubiashii,24,22,1,1
GCF_002875015.2,Vibrio cyclitrophicus,23,18,1,4
GCF_057439755.1,Vibrio tubiashii,23,21,1,1
GCF_001680085.1,Vibrio natriegens,22,18,1,3
GCF_002214345.1,Vibrio mediterranei,22,20,1,1
GCF_057439875.1,Vibrio coralliilyticus,22,18,0,4
GCF_020717785.1,Vibrio diabolicus,21,20,1,0
GCF_028551255.1,Vibrio tubiashii,21,18,0,3
GCF_056531025.1,Vibrio diabolicus,21,19,1,1
GCF_002872815.2,Vibrio cyclitrophicus,20,17,0,3
GCF_024347055.1,Vibrio porteresiae DSM 19223,20,17,0,3
GCF_041714635.1,Vibrio porteresiae,20,17,0,3
GCF_058545285.1,Vibrio sp. KMM 9700,20,18,1,1
GCF_059683745.1,Vibrio campbellii,20,18,1,1
GCF_001679745.1,Vibrio alginolyticus,19,17,1,1
GCF_026001925.1,Vibrio gangliei,19,16,3,0
GCF_027924785.1,Vibrio nigripulchritudo,18,15,1,2
GCF_027924845.1,Vibrio nigripulchritudo,18,15,1,2
GCF_057785975.1,Vibrio sp. QJM3NY_21,18,14,0,4
GCF_059641095.1,Vibrio coralliilyticus,18,17,0,1
GCF_016920955.1,Vibrio sp. sp1,17,16,1,0
GCF_053515815.1,Vibrio furnissii,17,14,1,2
GCF_057785915.1,Vibrio sp. QJM3NY_35,17,15,1,1
GCF_002874615.2,Vibrio cyclitrophicus,16,13,1,2
GCF_047497145.1,Vibrio alginolyticus,16,14,1,1
GCF_905175385.1,Vibrio sp. B1FLJ16,16,14,1,1
GCF_002873935.2,Vibrio cyclitrophicus,15,12,1,2
GCF_002875465.2,Vibrio cyclitrophicus,15,12,1,2
GCF_005144905.1,Vibrio cyclitrophicus,15,13,0,2
GCF_009763405.1,Vibrio parahaemolyticus,15,14,1,0
GCF_022832815.1,Vibrio natriegens,15,14,1,0
GCF_014083925.1,Vibrio spartinae,14,8,0,6
GCF_000091465.1,Vibrio atlanticus,13,10,1,2
GCF_000763535.1,Vibrio coralliilyticus,13,11,0,2
GCF_002196515.1,Vibrio gazogenes,13,7,0,6
GCF_002872705.2,Vibrio cyclitrophicus,13,9,0,4
GCF_016812015.1,Vibrio diabolicus,13,12,1,0
GCF_023716845.1,Vibrio sp. SCSIO 43133,13,11,1,1
GCF_024346675.1,Photobacterium sanguinicancri,13,12,1,0
GCF_024346715.1,Photobacterium swingsii,13,11,1,1
GCF_030297535.1,Vibrio fluvialis,13,7,3,3
GCF_038695265.1,Vibrio tritonius,13,10,1,2
GCF_057418845.1,Salinivibrio costicola,13,10,0,3
GCF_057418855.1,Salinivibrio costicola,13,10,0,3
GCF_002873745.2,Vibrio cyclitrophicus,12,10,1,1
GCF_003443775.1,Vibrio sp. dhg,12,9,1,2
GCF_023746615.1,Grimontia kaedaensis,12,7,1,4
GCF_054053395.1,Vibrio paucivorans,12,9,1,2
GCF_000801275.2,Vibrio nigripulchritudo,11,8,1,2
GCF_002850295.1,Vibrio harveyi,11,8,1,2
GCF_002873825.2,Vibrio cyclitrophicus,11,9,0,2
GCF_002874905.2,Vibrio cyclitrophicus,11,9,1,1
GCF_002876425.2,Vibrio cyclitrophicus,11,8,1,2
GCF_015097735.1,Vibrio nigripulchritudo,11,9,1,1
GCF_023716665.1,Vibrio sp. SCSIO 43135,11,8,0,3
GCF_024347035.1,Vibrio plantisponsor,11,10,1,0
GCF_027924725.1,Vibrio nigripulchritudo,11,9,1,1
GCF_028898665.1,Vibrio harveyi,11,9,1,1
GCF_051132395.1,Vibrio chagasii,11,8,2,1
GCF_060345765.1,Vibrio methylphosphonaticus,11,9,1,1
GCF_964198015.1,Vibrio splendidus,11,8,1,2
GCF_002796765.2,Vibrio fluvialis,10,7,2,1
GCF_003716875.1,Vibrio zhugei,10,8,1,1
GCF_005280275.1,Salinivibrio kushneri,10,7,1,2
GCF_009363355.1,Vibrio sp. THAF190c,10,7,0,3
GCF_021441885.1,Vibrio maritimus,10,8,0,2
GCF_023206035.1,Vibrio cyclitrophicus,10,7,0,3
GCF_024347155.1,Vibrio zhugei,10,8,1,1
GCF_028898925.1,Vibrio fluvialis,10,6,1,3
GCF_000256265.3,Vibrio cyclitrophicus ZF14,9,6,0,3
GCF_001547935.1,Vibrio tritonius,9,6,1,2
GCF_002873285.2,Vibrio cyclitrophicus,9,7,0,2
GCF_009665335.1,Vibrio furnissii,9,6,0,3
GCF_009763785.1,Vibrio fluvialis,9,5,1,3
GCF_010587385.1,Vibrio astriarenae,9,7,1,1
GCF_023221655.1,Vibrio crassostreae,9,6,1,2
GCF_057418905.1,Salinivibrio costicola,9,6,0,3
GCF_001952955.1,Vibrio fluvialis,8,5,1,2
GCF_003726935.1,Vibrio mediterranei,8,6,1,1
GCF_013181325.1,Vibrio fluvialis,8,5,1,2
GCF_022811945.1,Vibrio splendidus,8,6,0,2
GCF_027286345.1,Salinivibrio kushneri,8,6,1,1
GCF_027286365.1,Salinivibrio proteolyticus,8,6,1,1
GCF_027286385.1,Salinivibrio kushneri,8,6,1,1
GCF_028621875.1,Photobacterium sp. GSS17,8,6,0,2
GCF_029223585.1,Photobacterium sp. DA100,8,6,0,2
GCF_030991385.1,Vibrio alginolyticus,8,6,1,1
GCF_034480175.1,Vibrio alginolyticus,8,6,1,1
GCF_057418915.1,Salinivibrio costicola,8,6,0,2
GCF_057785955.1,Vibrio sp. QJM3NY_27,8,6,0,2
GCF_003345295.1,Vibrio splendidus,7,4,0,3
GCF_009601765.2,Vibrio algicola,7,4,0,3
GCF_009763465.1,Vibrio fluvialis,7,5,2,0
GCF_019904195.1,Vibrio sp. SCSIO 43132,7,5,1,1
GCF_023503985.1,Vibrio sp. J383,7,5,0,2
GCF_024347355.1,Vibrio chagasii,7,4,1,2
GCF_024347415.1,Vibrio crassostreae,7,6,0,1
GCF_030062095.1,Vibrio furnissii,7,5,0,2
GCF_055808915.1,Vibrio splendidus,7,5,0,2
GCF_002874035.2,Vibrio cyclitrophicus,6,4,0,2
GCF_002877465.2,Vibrio cyclitrophicus,6,4,0,2
GCF_020806305.2,Vibrio sp. F13,6,5,1,0
GCF_024347475.1,Vibrio fortis,6,4,0,2
GCF_027286325.1,Salinivibrio kushneri,6,4,1,1
GCF_030144385.1,Vibrio fluvialis,6,3,1,2
GCF_042245395.1,Vibrio iocasae,6,4,1,1
GCF_046532705.1,Vibrio chagasii,6,5,0,1
GCF_057439745.1,Vibrio tubiashii,6,5,0,1
GCF_001456255.1,Vibrio natriegens NBRC 15636 = ATCC 14048 = DSM 759,5,4,1,0
GCF_002119525.1,Vibrio syngnathi,5,3,1,1
GCF_009938165.1,Vibrio taketomensis,5,3,1,1
GCF_009938185.1,Vibrio taketomensis,5,3,1,1
GCF_009938205.1,Vibrio panuliri,5,4,0,1
GCF_011765565.1,Salinivibrio costicola,5,3,0,2
GCF_023920225.1,Vibrio gazogenes,5,3,0,2
GCF_024346915.1,Vibrio gazogenes,5,3,0,2
GCF_024347135.1,Vibrio spartinae,5,3,0,2
GCF_024347435.1,Vibrio cyclitrophicus,5,4,0,1
GCF_024347575.1,Vibrio pelagius,5,3,1,1
GCF_024508015.1,Vibrio natriegens,5,4,1,0
GCF_030563405.1,Vibrio sp. SNU_ST1,5,3,1,1
GCF_030994065.1,Vibrio fluvialis,5,3,1,1
GCF_034480385.1,Vibrio fluvialis,5,3,1,1
GCF_035621455.1,Vibrio natriegens NBRC 15636 = ATCC 14048 = DSM 759,5,4,1,0
GCF_037746055.1,Vibrio natriegens,5,4,1,0
GCF_038442155.1,Vibrio cyclitrophicus ZF270,5,4,0,1
GCF_041860215.1,Vibrio gazogenes,5,3,0,2
GCF_049187005.1,Vibrio natriegens,5,4,1,0
GCF_049563345.1,Vibrio mytili,5,3,0,2
GCF_054110305.1,Vibrio natriegens,5,4,1,0
GCF_056097205.1,Vibrio splendidus,5,3,0,2
GCF_057785995.1,Vibrio sp. QJM3NY_15,5,3,0,2
GCF_057786005.1,Vibrio sp. QJM3NY_26,5,3,0,2
GCF_059739265.1,Vibrio superstes,5,4,0,1
GCF_060497015.1,Vibrio fluvialis,5,4,1,0
GCF_001558415.2,Vibrio fluvialis,4,2,1,1
GCF_001680025.1,Vibrio natriegens NBRC 15636 = ATCC 14048 = DSM 759,4,3,0,1
GCF_001680045.1,Vibrio natriegens,4,3,0,1
GCF_002218045.2,Vibrio rumoiensis,4,3,0,1
GCF_002874015.2,Vibrio cyclitrophicus,4,3,0,1
GCF_004916735.1,Salinivibrio sp. YCSC6,4,2,0,2
GCF_009763185.1,Vibrio fluvialis,4,2,0,2
GCF_011064285.1,Vibrio ziniensis,4,3,1,0
GCF_014775695.1,Photobacterium damselae subsp. piscicida,4,2,0,2
GCF_014879975.1,Vibrio bathopelagicus,4,3,0,1
GCF_018140575.1,Vibrio fluvialis,4,3,1,0
GCF_021432065.1,Photobacterium sp. TLY01,4,2,0,2
GCF_024347375.1,Vibrio coralliirubri,4,3,1,0
GCF_024347515.1,Vibrio gigantis,4,3,0,1
GCF_024347635.1,Vibrio tasmaniensis,4,3,1,0
GCF_024494545.1,Photobacterium toruni,4,3,1,0
GCF_030169025.1,Photobacterium damselae,4,2,0,2
GCF_031884875.1,Vibrio ruber,4,3,0,1
GCF_033947405.2,Vibrio fluvialis,4,2,1,1
GCF_036825535.1,Parasalinivibrio latis,4,2,1,1
GCF_041879425.1,Vibrio pomeroyi,4,3,1,0
GCF_052955985.1,Vibrio sp. B1Z05,4,3,0,1
GCF_053202905.1,Photobacterium damselae subsp. piscicida,4,2,0,2
GCF_055808855.1,Vibrio sp. GJ41-3,4,3,0,1
GCF_057418875.1,Salinivibrio kushneri,4,3,0,1
GCF_058105105.1,Vibrio spartinae,4,2,0,2
GCF_058410825.1,Photobacterium damselae subsp. piscicida,4,2,0,2
GCF_059725505.1,Vibrio sp. KUL78,4,2,1,1
GCF_059740915.1,Photobacterium damselae subsp. damselae,4,2,0,2
GCF_900233005.1,Vibrio tapetis subsp. tapetis,4,3,0,1
GCF_002157735.2,Vibrio aphrogenes,3,2,0,1
GCF_002218025.2,Vibrio casei,3,1,1,1
GCF_023716585.1,Vibrio sp. SCSIO 43140,3,2,1,0
GCF_024347075.1,Vibrio rarus,3,2,0,1
GCF_024347595.1,Vibrio pomeroyi,3,2,0,1
GCF_024347615.1,Vibrio splendidus,3,2,0,1
GCF_024529955.1,Photobacterium toruni,3,2,0,1
GCF_025264605.1,Vibrio splendidus,3,2,0,1
GCF_026639315.1,Vibrio alginolyticus,3,1,2,0
GCF_029910115.1,Vibrio lentus,3,2,0,1
GCF_049315015.1,Photobacterium leiognathi subsp. mandapamensis,3,2,0,1
GCF_051201655.1,Vibrio sp. nBUS_14,3,1,2,0
GCF_057418885.1,Salinivibrio kushneri,3,2,0,1
GCF_057786035.1,Enterovibrio sp. QJM3NY_24,3,2,1,0
GCF_059725495.1,Vibrio sp. KUL80,3,1,1,1
GCF_001677275.1,Vibrio breoganii,2,1,0,1
GCF_002142615.1,Photobacterium damselae subsp. damselae,2,1,0,1
GCF_002356235.1,Photobacterium damselae subsp. piscicida,2,1,0,1
GCF_002953375.1,Vibrio fluvialis,2,1,0,1
GCF_004135105.1,Photobacterium damselae subsp. damselae,2,1,0,1
GCF_009363415.1,Vibrio aquimaris,2,1,0,1
GCF_009764215.1,Vibrio fluvialis,2,0,2,0
GCF_015594925.2,Vibrio sp. VB16,2,1,0,1
GCF_017329545.1,Photobacterium ganghwense,2,1,0,1
GCF_019226825.1,Vibrio ostreae,2,1,0,1
GCF_019703835.1,Thaumasiovibrio subtropicus,2,1,0,1
GCF_021768365.1,Photobacterium damselae subsp. damselae,2,1,0,1
GCF_021768405.1,Photobacterium damselae subsp. damselae,2,1,0,1
GCF_022371215.1,Vibrio gigantis,2,1,0,1
GCF_024346755.1,Vibrio aerogenes,2,1,0,1
GCF_024346795.1,Vibrio breoganii,2,1,1,0
GCF_024347015.1,Vibrio pectenicida,2,1,0,1
GCF_037997135.1,Photobacterium damselae subsp. piscicida,2,1,0,1
GCF_040957575.1,Vibrio sp. HB236076,2,1,0,1
GCF_048537445.1,Photobacterium leiognathi subsp. mandapamensis,2,1,1,0
GCF_048537505.1,Photobacterium leiognathi subsp. mandapamensis,2,1,1,0
GCF_048537525.1,Photobacterium leiognathi subsp. mandapamensis,2,1,1,0
GCF_051858925.1,Salinivibrio costicola,2,1,0,1
GCF_055390995.1,Vibrio sabulosilitoris,2,1,1,0
GCF_055391395.1,Vibrio sabulosilitoris,2,1,1,0
GCF_056234105.1,Photobacterium damselae subsp. piscicida,2,1,0,1
GCF_056234175.1,Photobacterium damselae subsp. piscicida,2,1,0,1
GCF_056836685.1,Photobacterium damselae subsp. damselae,2,1,0,1
GCF_057785895.1,Vibrio sp. QJM3NY_39,2,1,0,1
GCF_057785935.1,Vibrio sp. QJM3NY_34,2,1,0,1
GCF_058072945.1,Photobacterium leiognathi subsp. mandapamensis,2,1,1,0
GCF_059740845.1,Photobacterium damselae subsp. damselae,2,1,0,1
GCF_059920555.1,Photobacterium panuliri,2,1,1,0
GCF_965140425.1,Photobacterium ganghwense,2,1,0,1
GCF_001558255.2,Grimontia hollisae,1,0,1,0
GCF_009764195.1,Vibrio fluvialis,1,0,1,0
GCF_024347315.1,Vibrio atlanticus,1,0,1,0
GCF_024362845.1,Vibrio pelagius,1,0,1,0
GCF_029962385.1,Vibrio sp. ABG19,1,0,1,0
GCF_057418865.1,Salinivibrio kushneri,1,0,1,0
GCF_000017705.1,Vibrio campbellii ATCC BAA-1116,0,0,0,0
GCF_000196255.1,Photobacterium profundum SS9,0,0,0,0
GCF_000464435.1,Vibrio campbellii ATCC BAA-1116,0,0,0,0
GCF_001708035.2,Photobacterium damselae subsp. damselae,0,0,0,0
GCF_002216855.1,Paraphotobacterium marinum,0,0,0,0
GCF_002874945.2,Vibrio cyclitrophicus,0,0,0,0
GCF_002877505.2,Vibrio cyclitrophicus,0,0,0,0
GCF_003130755.1,Photobacterium damselae,0,0,0,0
GCF_009665295.1,Grimontia hollisae,0,0,0,0
GCF_009763125.1,Photobacterium damselae,0,0,0,0
GCF_009763585.1,Grimontia hollisae,0,0,0,0
GCF_009764155.1,Grimontia hollisae,0,0,0,0
GCF_009938225.1,Vibrio ponticus,0,0,0,0
GCF_014930975.1,Photobacterium damselae subsp. damselae,0,0,0,0
GCF_018199995.1,Photobacterium sp. GJ3,0,0,0,0
GCF_021765875.1,Photobacterium damselae subsp. damselae,0,0,0,0
GCF_021766015.1,Photobacterium damselae subsp. damselae,0,0,0,0
GCF_021768305.1,Photobacterium damselae subsp. damselae,0,0,0,0
GCF_021768345.1,Photobacterium damselae subsp. damselae,0,0,0,0
GCF_021768385.1,Photobacterium damselae subsp. damselae,0,0,0,0
GCF_021768425.1,Photobacterium damselae subsp. damselae,0,0,0,0
GCF_022812045.1,Vibrio splendidus,0,0,0,0
GCF_022812155.1,Vibrio splendidus,0,0,0,0
GCF_023206395.1,Vibrio sp. ED004,0,0,0,0
GCF_023973125.1,Photobacterium damselae,0,0,0,0
GCF_024346835.1,Vibrio comitans,0,0,0,0
GCF_024346875.1,Vibrio gallicus,0,0,0,0
GCF_024346935.1,Vibrio inusitatus,0,0,0,0
GCF_024346955.1,Vibrio mangrovi,0,0,0,0
GCF_024346975.1,Vibrio neonatus,0,0,0,0
GCF_024347095.1,Vibrio rhizosphaerae,0,0,0,0
GCF_024347115.1,Vibrio ruber,0,0,0,0
GCF_024347335.1,Vibrio celticus,0,0,0,0
GCF_024347455.1,Vibrio echinoideorum,0,0,0,0
GCF_024347555.1,Vibrio lentus,0,0,0,0
GCF_024347675.1,Vibrio ishigakensis,0,0,0,0
GCF_025398175.1,Photobacterium sp. TY1-4,0,0,0,0
GCF_025757485.1,Vibrio natriegens,0,0,0,0
GCF_026001825.1,Photobacterium damselae subsp. damselae,0,0,0,0
GCF_028201475.1,Vibrio sp. SCSIO 43137,0,0,0,0
GCF_029016285.1,Vibrio sp. DW001,0,0,0,0
GCF_029016485.1,Vibrio sp. JC009,0,0,0,0
GCF_030168795.1,Photobacterium damselae,0,0,0,0
GCF_030168835.1,Photobacterium damselae,0,0,0,0
GCF_030168855.1,Photobacterium damselae,0,0,0,0
GCF_030169005.1,Photobacterium damselae,0,0,0,0
GCF_030169045.1,Photobacterium damselae,0,0,0,0
GCF_030297155.1,Vibrio apostichopi,0,0,0,0
GCF_038086615.1,Photobacterium damselae subsp. damselae,0,0,0,0
GCF_038086725.1,Photobacterium damselae subsp. damselae,0,0,0,0
GCF_038086915.1,Photobacterium damselae subsp. damselae,0,0,0,0
GCF_041504345.1,Vibrio sp. BS-M-Sm-2,0,0,0,0
GCF_046058925.1,Photobacterium piscicola,0,0,0,0
GCF_046250205.1,Vibrio sp. BS-M-Sm-2,0,0,0,0
GCF_047302445.1,Vibrio sp. MA40-2,0,0,0,0
GCF_048537455.1,Photobacterium leiognathi subsp. mandapamensis,0,0,0,0
GCF_048537465.1,Photobacterium leiognathi subsp. mandapamensis,0,0,0,0
GCF_048537515.1,Photobacterium leiognathi subsp. mandapamensis,0,0,0,0
GCF_048835935.1,Photobacterium damselae subsp. piscicida,0,0,0,0
GCF_048844225.1,Vibrio alginolyticus,0,0,0,0
GCF_049563835.1,Photobacterium damselae,0,0,0,0
GCF_050870795.1,Vibrio sinus,0,0,0,0
GCF_051046865.1,Photobacterium leiognathi subsp. mandapamensis,0,0,0,0
GCF_051132505.1,Vibrio fortis,0,0,0,0
GCF_053005025.1,Photobacterium damselae,0,0,0,0
GCF_053850225.1,Photobacterium damselae subsp. damselae,0,0,0,0
GCF_054486505.1,Photobacterium damselae,0,0,0,0
GCF_054486525.1,Photobacterium damselae,0,0,0,0
GCF_054486545.1,Photobacterium damselae,0,0,0,0
GCF_056675655.1,Photobacterium damselae subsp. damselae,0,0,0,0
GCF_057922655.1,Photobacterium damselae,0,0,0,0
GCF_057922685.1,Photobacterium damselae,0,0,0,0
GCF_059492265.1,Photobacterium damselae subsp. damselae,0,0,0,0
GCF_059704325.2,Grimontia sp. THUN1695,0,0,0,0
GCF_059725515.1,Vibrio sp. KUL70,0,0,0,0
GCF_059727865.1,Photobacterium damselae subsp. damselae,0,0,0,0
GCF_059727875.1,Photobacterium damselae subsp. damselae,0,0,0,0
GCF_059727885.1,Photobacterium damselae subsp. damselae,0,0,0,0
GCF_059727895.1,Photobacterium damselae subsp. damselae,0,0,0,0
GCF_059735745.1,Photobacterium damselae,0,0,0,0
GCF_059739275.1,Vibrio ezurae,0,0,0,0
GCF_059739285.1,Vibrio halioticoli,0,0,0,0
GCF_059740945.1,Photobacterium damselae subsp. damselae,0,0,0,0
GCF_059784805.1,Photobacterium damselae subsp. damselae,0,0,0,0
GCF_060143805.1,Photobacterium leiognathi subsp. mandapamensis,0,0,0,0
GCF_060433825.1,Vibrio tetraodonis,0,0,0,0
GCF_905175365.1,Vibrio sp. B1FLJ16,0,0,0,0
GCF_949787665.1,Photobacterium phosphoreum,0,0,0,0
